,0
0,"Very low entries in this giveaway! Hop over and check it out! http://t.co/OrUSN9ne
"
1,"Summers over and it was shit. Only sunny day was a bbq in north west with @Kade_96 and @Jess_birch95 hahhahaaa #amazing #sarcasm
"
2,"Did you know that one of Bolshoi Ballet members was born in Maranh√£o? Bruna Gaglianone is part of the Moscow group! http://t.co/LG3SME1l
"
3,"I just love missing the bus! ‚ò∫ #sarcasm
"
4,"If you're going into highschool and cant do at least 4 pirouettes you obviously go to a fantastic studio #sarcasm
"
5,"@babee_kayyy lol itold you iwasnt coming . :) what we do in class ?
"
6,"TThis 8:20 Friday class is gonna be grrreat!! #sarcasm
"
7,"Gee wiz what a great day so far. You can cut the tension with a knife and they think im faking #great. #sarcasm
"
8,"Feel like crap, tomorrow should be great. #sarcasm #throathurts #allergies
"
9,"If I could put into words how much I love waking up at 5 am on Tuesday's I would.... üòí #sarcasm.
"
10,"I actually did something with my hair today #firsttimeinmonths #weird d
"
11,"Thanks @PippaCarlson1 your tweets are great #sarcasm
"
12,"I really admire your maturity. #sarcasm
"
13,"@lilylovehermore I knew I'd heard that name somewhere!
"
14,"I just love getting a random schedule change and not even knowing about it!:) #sarcasm
"
15,"I've got to get my money back this time üí∞üçÅüëå
"
16,"@Will_Piper should move back up fella. I'm already here... On my own... Having loads of fun #sarcasm
"
17,"To anyone still making the 'Something about a picture of Andy Carroll...OH NO WAIT, IT'S A HORSE' joke; stop.
"
18,"Its my birthday bitches... who's gonna start sucking my dick and who's gonna start sucking my balls?
"
19,"We all have that one person who we wished we never gave our phone number to... #Ted
"
20,"@Students4Obama If your Dad will let you sit there #fadedposter
"
21,"Need to play football....
"
22,"#PROJECTRUNWAY Ven ur dress gave ur  model a 3RD BREAST! Nice, just what every gal wants! u sure know design better than women! #sarcasm
"
23,"@RumaisaMohani @ShaiziCheema - I'm sure mr Raja rental would have a nice profitable scheme in mind #Sarcasm
"
24,"I want to be here... http://t.co/Q9bFkxsE
"
25,"Omg most insane matriculants, we rather play soccer than study 4 prelims=D @SadieRazak , @Cocoz_25,@xFatima_s , @TasneemKarolia,#Soccer4lyf‚ô•
"
26,"@BertLcfc lookin forward to satday as well nothin quite like a 5.20 kick off #sarcasm
"
27,"Yay it's 3 hour clinical day. I'm so freaking excited I can't stand it. #sarcasm
"
28,"I love it whenever my brother gets up and turns on all the lights... #sarcasm
"
29,"#10TurnOns Yet again if you list them on twitter you're garbage.
"
30,"Just sprained my foot. happy days. #sarcasm
"
31,"@_jackpeters hahaha mannn gota have his slices yooo!
"
32,"A little nervous to start school üòù 5 classes in one day should be fun...
"
33,"You know what I love doing? Rehashing old arguments. #sarcasm
"
34,"""@skysports_bryan: We're told Swansea and Manchester City unable to reach agreement on Scott Sinclair."" What.a.shame.  #sarcasm
"
35,"When I really wana sleep n ppl wana chat‚úó
"
36,"Cynical me sees the Trinity-Spadina riding being mostly left alone despite pop. growth because splitting it wouldn't help the CPC. #CDNPoli
"
37,"@iAM_MissJackson well I guess because they were missing pleasure p.
"
38,"I just love getting up this early to go into school #sarcasm #sotired #killme :/
"
39,"Dear Teva, thank you for waking me up every few hours by howling. Your just trying to be mother natures alarm clock. #sarcasm
"
40,"@MarkPacker Yeah, but Beckett is the kind of guy that just makes you want to root for him.  #sarcasm
"
41,"My favourite pre-work job: fixing a punctured bike tyre. #Sarcasm
"
42,"@haileytanley Good! I will give details later
"
43,"@justkramer good you'll save more money that way #sarcasm
"
44,"Well, today has started of to a WONDERFUL start. #Sarcasm
"
45,"#sarcasm....learn it
"
46,"What to do? Help please @BlackBerryHelp @BlackBerryPH http://t.co/8uX92LQU
"
47,"@JonnyBones stay humble, but u turning down that fight is your choice no one else's it's not like you have the title oranything haha#sarcasm
"
48,"I think #ReachForTheStars is the next single from @iamwill featuring @britneyspears .....just look britney's last tweet
"
49,"CINCINNATI     (AP) -- Lunar pioneers plan to attend a private service in Ohio for astronaut Neil Armstrong, fol... http://t.co/UeAPQzvK
"
50,"You jogging ah? No la i dancing *started dancing* #Sarcasm
"
51,"Everybody go follow my nigguh @andrepreid !
"
52,"but it's cool never again
"
53,"You're dragged down by the very people who claim they're trying to inspire.
"
54,"while I was working for that...yeah! ‚Äú@baperebel: @NemoAchida  -  ""My hands almost got cut up today..""‚Äù
"
55,"@KyleLove74 Nope, I can't stand to lick envelopes either.....yuck!
"
56,"Hey, hi. I'm here to look pretty and insult your intelligence. [insert something insulting to your intelligence and hairflip here] #Sarcasm
"
57,"I can't wait to go to the oyster fest ^.^ #sarcasm
"
58,"Dirt under your finger nails has to be the most disgusting looking thing ever
"
59,"@heynikole twitter is not your personal diary, you should be a little more vague... #sarcasm when are you coming to meeeee
"
60,"Booty call has successfully been completed xD wowwwwwww @purrrtyRinT
"
61,"Gonna have to do another unfollow spree later today, yeah, those are always fun. #Sarcasm #DamnYouFollowLimit
"
62,"I love finding out who your true friends are. It's seriously just the best. (:
"
63,"The school board's wisest budget cut has to be the one that includes new MacBook's for faculty members...#Sarcasm
"
64,"We're hiring a new Kiosk Supervisor! Think you have what it takes? Then apply! 
"
65,"Deadline is September 7th, at Noon!
"
66,"@Vicsterrrrr it's mint #sarcasm
"
67,"""God will supply us with the opportunity, but it's up to us to do something with it.""
"
68,"If you appreciate my nerdy tendencies #TheLoveIsReal
"
69,"Traveling first class from Paris. Is it worth the price? http://t.co/06dnax39
"
70,"I keep waking up and falling back to sleep
"
71,"@edstetzer: Only took you 14 mins to decide?  I can only hope you give the DNC equal time. #sarcasm
"
72,"I love when I'm doing dishes at work &amp; the water spills all over me, its the best . #sarcasm
"
73,"Being awake this early to pack up my stuff and move rooms sucks. But on the plus side, FAIR TODAY! üòÑ #soexcited  #sarcasm üò£ #carnilife
"
74,"I like the way you french.. Inhale ,do it again ‚ù§
"
75,"Love you more than this #kodeASIKASIK *poke @denis_aqsa :p hahah
"
76,"@amirahhMartin thats just who i ammm :/ i help people in times like thesee
"
77,"I can't even describe how excited I am to go cook noodles for 3 hours #sarcasm
"
78,"arrgghh my feet r killing me school uniform done new school shoes check coat bag lunch box bed early for me i think @aaronoregan1
"
79,"@LidiaLowe oh no way! I've just had a cooked breakfast on the boss. #workbenefits!
"
80,"@allaboutdodie Buwas :)) Pero d pak sure kun showing na geap i2 ha rob..
"
81,"Our friends at the Fowler House in Quincy love Bawstins so much they may be adding it to their favorite dish. Look out its gonna be awesome!
"
82,"I really hope the entire population of peterborough county enjoys their a&amp;w... #notbusyatall #sarcasm
"
83,"Want to save money on your next Jerky run?  Check out the All Things Jerky coupons at http://t.co/kRyKR2XK.... http://t.co/x0cr5VKs
"
84,"The average man could not handle my haircut
"
85,"My work ethic tonight is on a different level #sarcasm .. It'll wait till tomorrow
"
86,"Absolutely love being left to hang #SARCASM
"
87,"I'm getting back to England on the same morning that school starts... #Great. #Sarcasm.
"
88,"Love being left alone in the hall while people go and sing #sarcasm #loner
"
89,"@lukebryanonline puts me in the bestttttt mooooood everrrrrr &lt;3
"
90,"Maryland absolutely, positively did the right thing not honoring James Franklin's ""Head Coach In Waiting"" status.  #sarcasm
"
91,"You are attracted to a wide variety of new ideas during this t... More for Capricorn http://t.co/p31ha9AU
"
92,"Man kills daughter's BF in #gun control Germany with an EXPLOSION. as long as it's not a gun! #sarcasm #NRA http://t.co/uRi7nk9s
"
93,"Sometimes I can't tell if @katecarneyy is serious or not ÓêÇ #sarcasm
"
94,"UK Truebies not long now until those of you with Sky and Virgin get to see the fabulous fifth season of True... http://t.co/qtKFi8ot
"
95,"@LeeLiLo_90 @jemlaa90 I wudnt say funny lmao!! #Sarcasm
"
96,"Well the lady that trimmed my hair did an AWESOME job. #Sarcasm
"
97,"From car fan to house fan - Richard Turere's laters home improvement @afrigadget http://t.co/hEjY62H6
"
98,"@kaywa_xo well done for understanding kayla! #sarcasm #youradickhead :)
"
99,"@rahulpuri Absolutely! She just keeps re-tweeting anything and everything that mentions her name. My page is flooded! Enough, I said.
"
100,"Hahaha....wenger is a fucking genius...giroud is d only striker left in arsenal...lmao...#sarcasm!!
"
101,"Agh i only got 5 hours of sleep last night.&amp; fee night is tonight so im gonna look a mess. Great way to start off the school year. #sarcasm
"
102,"espn is disapionted that they didnt get the #CFL game tonight. it is monday night after all #mnf #sarcasm
"
103,"Chillin' with a game of Rock Band 3. Fun times to be had. http://t.co/7cWYlGpk
"
104,"We just tried to bleach joes ball hair but apparently it's too stubborn and won't turn blonde
"
105,"Glad to know I mean so much to you. #sarcasm
"
106,"Today is a fucking lovely day! Nothing can go wrong!
"
107,"I must go like a page for me to look like ise a batty lord, just for one girl idk to get hair? vell chap my leg off and call me shorty
"
108,"i chose brown sugar mini wheats
"
109,"That plan to go to bed earlier in preparation for school went well. #sarcasm
"
110,"morning people. roadtrip today. unfortunately that means sitting in the car with my family for 3 or 4 hours. yay! #sarcasm
"
111,"Rat Gooo to sleep ughhh
"
112,"Rock &amp; Roll Hall of Famers, The Yardbirds are back on tour,, check out http://t.co/FTCb2kjP  They brought us Jeff Beck Please Retweet
"
113,"Can't wait to play tonight #sarcasm
"
114,"Brain says he won't be making anymore transfers :( #exciting #sarcasm
"
115,"my legs are so sore. and I have sunburn on my scalp. band camp is getting off to a great start. #sarcasm
"
116,"Woah Arsenal, don't make too many signings jesus! Let others buy players for once #sarcasm
"
117,"@JTOlinger speak for yourself sir! I am excelling in this class #sarcasm
"
118,"@ESPN_BMX Pres. Obama should have said ""freestyle? Is that like dressage on a bike?""
"
119,"@GFBguy @TonyMichael @ServiTechLabs @rictownsend @Bpowatch Thank you for following MobileWorxs :)
"
120,"‚Äú@ItsGillLikeJill: I couldn't tell you the key to success, but the key to failure is trying to please everyone.‚Äù
"
121,"I love when my retainers are super tight and make me talk so attractively! #NOT #sarcasm #majorlisp
"
122,"Jersey shore us canceled? #SoSad #Sarcasm
"
123,"I'm incredibly annoyed that I'm gonna have to sit through lunch during 4th and 5th this year. I'll probably just stay in class and be a nerd
"
124,"Fuck these outta town hoes I'm sticking with my local love
"
125,"Skimming breast milk is one of the true perks of being a NICU nurse #Sarcasm
"
126,"I will sell any ku student my extra first home game ticket for this weekend! Hit me uo if u want it. Gotts be a student...
"
127,"put it on em , make em wanna marry me &lt;&lt;&lt; bitch shutup with all that shit .!
"
128,"@LordWilsonVILLA At 21 he looks to have a lot of potential and can only get better, a good signing for the long term at Villa
"
129,"@ellieeejay hahahahahahahahaha!!:'L oh I just loooove you so much for putting this on twitterrrrr -.- #sarcasm ;)
"
130,"I love feeling like a second choice.. #sarcasm
"
131,"Yay, I'm so happy it's tuesday üòí #Sarcasm
"
132,"youtube to stream london summer paralympics live http://t.co/3hJyahpi
"
133,"‚òπ ""@UberFacts: There are almost 5,000 gods being worshipped by humanity.""
"
134,"@Kelsey_Cole13 and @nolanwootan looking intent. #sarcasm http://t.co/6BoxSVFP
"
135,"Omggg! I want this! My second b'day present? lol tak malu RT @intan_aisha: @sabarinaazzizi and @amiratulnizz http://t.co/nV6XlKMw
"
136,"I just love when Dawson decides he's hungry at 5:00AM #sarcasm #whyareyouawakedude
"
137,"Wait what? It's a cat now? What is happening?
"
138,"@justinkokos I don't know where to find any Asians in champaign. #sarcasm
"
139,"Hate when people think its ok to take your anger out on someone BC others piss them off. #notcoolatall
"
140,"I've got twenty minutes to walk up a flight of stairs. I sure hope I make it to my next class. #sarcasm
"
141,"Didnt sleep lots last night, good thing my computer is down and i get to do nothing at work. #sarcasm #pissed
"
142,"I enjoy tweeting @Harry_Styles and not getting a reply #sarcasm
"
143,"If my mom wasnt my mom i think i would snuff the shit outta her. -____-
"
144,"Apple managed another victory against WWA. All the wrestlers found infringing on Apple‚Äôs bounce back pattern. #sarcasm
"
145,"re-mf-tweet ‚Äú@sarahmelyssssa: I'm so proud of our graduating class... #sarcasm‚Äù
"
146,"I hate to bring my cell phone with me when I go to the bathroom. #sarcasm
"
147,"@mduthehippie http://t.co/0qa1bSim&lt; ---- is it?? \‚ò∫/
"
148,"Lol üòÇ RT‚Äú@ReeseButCallMeV: When I'm high, I turn into a Cereal Killer.‚Äù
"
149,"I wanna be your secret love.
"
150,"‚Äú@FirstWorldPains: ""A self-checkout attendant has been notified to assist you.""‚Äù @whitmichelle2
"
151,"This boy has rosary beads tattooed on him but he is muslim ???
"
152,"Lmfao Cinnabon followed meüòÇ
"
153,"Hate driving with people who pump their brakes! It's okay, I didn't want full movement in my neck anyways #sarcasm #whiplash
"
154,"It's raining?! At #Marist?! What a surprise! #sarcasm
"
155,"Time to get excited for hydraulics! Yeah buddy! #sarcasm
"
156,"Just got my gorgeous boyfriend another prezzie #hewilllovemeforever @wicksaay :D xxxx
"
157,"@mattlarter4 it's fun when I only understand 50% of the words in your tweets! #sarcasm
"
158,"yayyy Avicii u haz a new song&lt;3 OMG I can't wait for it to be remixed!! Vocals added!! Sped up!! Slowed down!! backwards!! POLOed! #sarcasm
"
159,"First day of school....how exciting! #sarcasm #exhausted
"
160,"rabago_o's photo http://t.co/1ud5By8f me all happy to be in college :D #sarcasm
"
161,"Feeling good this morning :))
"
162,"As long as we have memories,yesterday remains. As long as we have hopes, tomorrow awaits. As long as we have friendship, it's never a waste""
"
163,"I misssss @samantha_dewitt ! Need to see yoouuu &lt;3
"
164,"I'm well aware Jesus doesn't care if I give you a discount on your church van rental. It's called #sarcasm #missionaryproblems
"
165,"Wanna know how I know your gay??? Because when the truth got out about you it got you hot. Oops my bad #sarcasm yall know dam well IDGAF
"
166,"why on earth is spurs trending!
"
167,"""@madisonsousa: This peom ""IF"" that neves wants us to write a constructive response about makes no sense. #IsThisAJoke"" IKR?!
"
168,"LOVE to everyone I spent carnival with, it was special, it was soooo live!!!!!!!
"
169,"Found this on Sunday. Made me laugh!! Clever people #sarcasm http://t.co/dfKnFIii
"
170,"So a 'friend' doesn't have time to talk to me, but has time to talk to other people. Lovely. #Sarcasm
"
171,"Here's proof that I'm an adult now: I just packed one carry-on for the train... NES and SEGA are wrapped in towels. http://t.co/gqGBl4yf
"
172,"Nothing for me to do -_-
"
173,"I just realized i need straight a's this year to go to the college i want to go to. I fucked myself over freshman year #nopressure #sarcasm
"
174,"#Titans DC Jerry Gray says safeties Babineaux, Robert Johnson aren't competing with one another for a spot. http://t.co/k2GeD4XK
"
175,"Thanks for making me feel important. If only you understood. 
"
176,"@wh_donghaesj engga jadi kan!! :D abis aku on lewat hp jadi ngga bisa edit prof :D
"
177,"Neighbours come round2say they r away for2weeks! I reply ""do you want me to put bins out?Oh no you leave them out all week anyway!"" #sarcasm
"
178,"They Need To Bring Back The Kwik-E-Mart. Lls
"
179,"Eww, just saw this nasty, frumpy girl lift up her boob and scratch underneath it... Just puked a little
"
180,"@KeiKloud haha yela2 p fokus piching tuh.
"
181,"Millers tonight to say peace out to a homie chasing a Nike dream in Oregon.
"
182,"I think #HootSuite is pretty hoot. Er... hot.  http://t.co/afj0hXhw
"
183,"6 am lift + conditioning #GottaLoveEm #Sarcasm
"
184,"@sarah_pleat I'm super excited for tomorrow morning. #sarcasm
"
185,"@mchalmers15 Cops would never do anything illegal or wrong though #Sarcasm
"
186,"chill night, good laughs.. very much needed. breaking night watching a movie w/ my loves.. Goodnight tweethearts :-*
"
187,"Bring it on exams!!! #onmondaypa:) hehe
"
188,"I get distracted way to easily
"
189,"Is it weird that ""Over My Dead Body"" used to make me cry? Juss the chorus thoo.. Haha
"
190,"Yes! I love waking up to @aferree9 and her little brother fighting! #sarcasm
"
191,"@virginmedia are good! They got my house phone working for 24hrs! üò† #sarcasm
"
192,"@JHLFC @MartinSamuel_ i'dbe happy with Sturridge, need a finisher. Or maybe Jamie Hopkins,lol.
"
193,"I was hoping just a LITTLE more shit could hit the fan this week. #sarcasm
"
194,"Going in to work for 2 hours was totally worth the 35 min drive! #sarcasm
"
195,"@tori_cromwell I'm done at 4ish def text me if you are free after that!!
"
196,"Haven't been able to sleep, so I've been playing Words With Friends and Angry Birds all night. What a thrilling life I lead. #sarcasm
"
197,"My tech class has 13 people in it.... 10 of them are freshmen. #excitement #sarcasm
"
198,"God I you're so cool. I wish I was you. #sarcasm üòí
"
199,"Company next door uses explosives to get their material sounds like a war, I spilled tea all over my notebook {thanks} #sarcasm
"
200,"Ada batunya iih (œÉ‚Äæ‚ñø‚Äæ)-œÉ RT @RockBenth: Hhhhheeemmm RT @damaee: ~('o '~)(~' o')~ RT @RockBenth: @damaee aduh beuh parah omongannya !!!!
"
201,"rehearsals from 8-11. one week till showtime, then taking a week break so I could visit Jersey then back at it again.. #Dance &lt;3
"
202,"Dying because the people in my twitter TL are kinda effed up... #funny #funnyfriends #jokes #sarcasm #laughing
"
203,"I feel so much better and my voice is semi-normal.
"
204,"NaughtyNooNoo1 thanks for following me on Twitter!
"
205,"Let's show everybody just how good we are tonight D @BJohnson094 @LukeSarg @CodyBrown_345 @L_Starcevich @TGIF_Deion @TeenyEvanG @Dylbert_26
"
206,"Getting pulled over is a great way to start my morning! #sarcasm
"
207,"@SheThickAsEver send me your # baby girl
"
208,"may that all things go good today at Dacula high school..no drama lol
"
209,"Tweeter? Twits? Austin and Ally sure is creative. #omgihavetotwit #sarcasm
"
210,"School was going by fast until all you fuck niggas went back.
"
211,"@charzbrantie good job only me and you know what that means lol
"
212,"I constantly see tweets about Arsenal on twitter. Thanks for keeping the world updated @ZachBaugus &amp; @shawnxh . #sarcasm #HugeArsenalFans
"
213,"I'm about to fall asleep and I still have to babysit for 3 more hours
"
214,"@montelorenzo great way to start the senior year #sarcasm
"
215,"I dnt realy giv a fuck and my excuse is dat I'm yung n fre$H‚ò∫
"
216,"#Unmukt 's Lawyer has misunderstood the RTE, as being Degrees &amp; Diplomas home-delivered. @kapil_sibal
"
217,"I love going into work at 4:30 in the morning #sarcasm #itsgoingtobealongday
"
218,"And now the time is more than 4pm.. So i should get ready... Bubbye....
"
219,"Aweee how cute. The kids at the bus stop coordinated their outfits today. #sarcasm #itsnotcute
"
220,"Yeah, y'all sure do keep it classy #sarcasm #busted
"
221,"Oh my gosh! Can you imagine @JessieJ playing piano on her tour while singing a song. I would die and go to heaven. #sheisanangel
"
222,"@AnthonyCallea so nice of morons to come to your twitter account and spread their ignorant shit all over it, yeah? #sarcasm
"
223,"Busy night in work... Sheesh!!! Bed now then #HappyBirthday to our BabyK!! (Gotta stop callin her that... She starts school next week!) :(
"
224,"@Davie_Jay @welsh1993 @jharrison93 @simmzy8 @bensmith888 @jbajjada69 @robjones93 someone else want to drive I can't be assed
"
225,"""@STcom: From Saturday, active servicemen and NSmen can bring their camera-enabled smartphones into 14 army camps http://t.co/vxrjwlC3"" lol
"
226,"My Career is gonna be Digital Art And Photography
"
227,"You know that moment of satisfaction when you finally understand math?
"
228,"My favouriote part about painting is taping everything off #sarcasm
"
229,"Love this: How To Hold A Violin - NOT!
"
230,"took sleeping meds 3 hours ago, glad to see they're working -.- #sarcasm #fucker
"
231,"@tylerstratton13 I love working there was this #sarcasm and when did you #go
"
232,"@bobatl who's Will? where's he being held? #sarcasm
"
233,"It seems the only time I can stay awake now it's at 4:30 in the morning. No need to sleep anymore. Don't worry. I'm fine. #FML #sarcasm
"
234,"Watch my run right now with @RunKeeper Live http://t.co/U5FvNydH #RKLive #RunKeeper
"
235,"Pentagon threatens legal action over bin Laden book - http://t.co/c1T4MGxs Yeah, that should help your re-election @barackobama #Sarcasm
"
236,"So come on spin me around, now I don't wanna go home cause when you hold me like this you know my heart skips #skipsabeat
"
237,"I can't even wait to go sit at this meeting at the highschool #Sarcasm
"
238,"Starting my day off with some nice encouragement from my mom .. #sarcasm #awesomemorning
"
239,"Sydney billionaire James Packer keeps gloating about how much he's making out of Crown. City of Melb should double his rate bill to $14m.
"
240,"Wow. You sure know how to reel in the hotties #Sarcasm
"
241,"@Buster_ESPN maybe the pirates will pick him up?
"
242,"Going to chapel...alone. Oh how I love first days. #sarcasm
"
243,"I fucking love liars. #sarcasm
"
244,"A quick swipe with a sharp edge, you cut me apart and left me for dead... No wonder they call you razor blades
"
245,"Do you sometimes feel that there isn't room in your car for YOU anymore?  As usual, we rush to the rescue with... http://t.co/TE7dMg5g
"
246,"SPOTTED: @Charlie26Adam doing keepy-ups outside the Etihad stadium #IDontWannaGoToStoke #PleaseTakeMe #TransferDeadineDay
"
247,"dreams are what i used to chase but by God's grace and favour.......they are chasing me now.....always grateful
"
248,"I love hearing the shots from the shooting range all day AHHA #LiesToldOnTwitter
"
249,"The Natalee Holloway movie makes me wanna cry üò•üò•üò•üò≠üò≠
"
250,"Dude u were 3hrs late, do somn abt botho f yall RT""@3PLE_JAY @yhurboiJAY &amp; his inability to keep to time? Even wen I was 3hours late!!!!!!""
"
251,"Man City are foolish for losing de Jong. However much of a thug he is, he's a better player than Milner and Barry
"
252,"@mogganaut04 come on boro!! But who the hell is carayol??
"
253,"Gotta love working till 5 am on a 15 hour shift #sarcasm
"
254,"That shit she just told me made me mad for some reason... I shouldnt have asked
"
255,"Days like this I question why i do cross country
"
256,"@IdaTomTom23 I was kinda joking though.. but I believe it! :) #sarcasm #jkthatwasmean
"
257,"Initial Post Earrings make for a unique, personalized gift. Gotta look close to notice them! http://t.co/ubZcgmPY
"
258,"Happy Birthday @RAIN_onyou¬†. I miss you hope, you enjoy your day!
"
259,"Nih min buat fans arsenal @my_supersoccer :D http://t.co/6psFCPza
"
260,"#FavoriteThings: when Darth baby won't stop screaming long enough to eat. #sarcasm. Is it Wednesday yet?!
"
261,"Twitter is fun today #transferdeadlineday
"
262,"@Hayley352 I didn't have chance so I'm getting them tomorrow, I'll let you know then xx
"
263,"@ruma1980 lol... You got it in one :), Bed now night monkey see you some time soon at worky woo
"
264,"That's awesome #sarcasm üëå
"
265,"Love waking up in the middle of the night! #sarcasm #fml
"
266,"My girl, you can even get a large &amp; cheese lol  RT @ymacy Dreams2RealiT lmfao what's good *grabs purse* leh'go
"
267,"It's  great when you're mom wakes you up just to yell at me then she yells at me the entire morning #todaysgomnabeawesome #sarcasm #annoyed
"
268,"This weekend is gonna fucking suck #cantwait #sarcasm
"
269,"Haha wow it's amazing how some seniors can leave after fourth period #jealous üò≠üò•
"
270,"You know what we could be together for life but you f**ked me last nigth and I was drunk.., #Quotes #Sarcasm #FakeLove
"
271,"‚Äú@ItsLifeNotes: You miss me, but you don't even try to talk to me? Okay.‚Äù.   &lt;/3
"
272,"1 am and I can already tell today will be a great day #sarcasm
"
273,"I just love having my eyes water when I sneeze... #sarcasm
"
274,"Love getting home from work knowing that in less than 8hours you're getting up to go back there again. #sarcasm
"
275,"I get warm fuzzies from 0-days I can't patch because of apps that NEED old versions of Java. Thanks Sunguard and ADP! #sarcasm
"
276,"Joseline needs to be restricted!
"
277,"Woooo! When you're up to 12:30 finishing you're English paper! #sarcasm
"
278,"Oh dang, I'm SOO happy you're SOO in love now.. ya know, considering that a week ago you weren't together. #sarcasm
"
279,"Well orientation sure is going great #sarcasm
"
280,"Wow, I can be really mature sometimes #sarcasm Sometimes, I like to take my emotionally immaturity out on Twitter because this is America!
"
281,"Yeah 3 homework assignment on the first day, that's whats uppp ;) #sarcasm
"
282,"@mfassbinder11 @n8condom I think it was our amazing teacher #sarcasm
"
283,"yep, it gives me advice all the time. #sarcasm RT @WorstOfLibra: #Libra: I have a scale in my bathroom.
"
284,"I don't know what to do with my life besides get high and make music
"
285,"How u brag about Tru jeans and big screen tv and yo rent only 1.87 I be balling too
"
286,"Can already tell 3 hour Bio labs are gonna be loads fun... #sarcasm
"
287,"I want us to get caught! #sarcasm
"
288,"Do you want a cookie for that? #sarcasm #notagreatachievement
"
289,"Can someone please tell me why it smells like poop in Lebanon right now?! Like seriously though.. #sogross ÓêåÓêåÓêå
"
290,"Thank you alarm clock for never going off. #sarcasm #hatebeinglate
"
291,":D Does this make me cool!?!? #sarcasm http://t.co/ySW26a6I
"
292,"Thanks for showing me how real Christians act.. ur such a good example... #sarcasm
"
293,"‚Äú@Kayneee_K: I LOVE it when the nail salon says they'll be 15 minutes when you've been waiting 30‚Äù #sarcasm? üòè
"
294,"It seems too early for this to be called an instant classic but Gophs/UNLV is all that.  #Sarcasm
"
295,"@Vamp So do you sparkle in the sunlight being a ""vampire"" and all? &gt;_&gt; #sarcasm
"
296,"Just love getting lied to ! #sarcasm
"
297,"Imma stop snapping tho.
"
298,"Off to Jamaica manana! Even though this trip isn't precipitated by the best circumstances, I'm looking forward to being home with fam:-)
"
299,"Of course I have the earliest appointment at the dmv and the computers crashed last night #greatmorning #sarcasm
"
300,"@elfordminis looks awesome. How long did it take to paint?
"
301,"@BenWiseMelb no kidding. It was brutal! P.S what's your beef with Warnie? Just because he bleaches his teeth &amp; uses fake tan #sarcasm
"
302,"I'm. not going to get along with my chemistry teacher I don't like his ass already
"
303,"Sooo happy to be at work #sarcasm
"
304,"Absolutely love when water is spilt on my phone.. Just love it.. #sarcasm #timeforanewphone...
"
305,"taking my  boys into town today- awww yay #sarcasm
"
306,"Every dark light is followed by a light morning. Good Morning and don't forget to be AWESOME!
"
307,"Just got off the horn with Clint. Told me he really gives a shit what people think. #sarcasm #NoteToTwitter
"
308,"Nothing like being in class two hours and having two hours to go! #sarcasm #TDE220
"
309,"my prayers go out to all the people in new orleans about to get hit by isaac Óêù
"
310,"Wow, kids drinking vodka in the back of the room during a lecture. You guys are classy. #sarcasm
"
311,"So I accidentally took over the whole room and now I'm trying to make room for my roommate...WHO IS COMING TOMORROW BTW... #rushed
"
312,"I was gone for 3 days and my cat didn't even notice...
"
313,"I'm immortal. You can't kill what has no life lol. #sarcasm #BandGeekFTW
"
314,"@PeteTheTemp @adamkammerling Great to see you there, chaps. Loving your work. Hope to see you again soon. #PoetryPower
"
315,"Some of these speakers @ the RNC are just toooo riveting to watch. #sarcasm
"
316,"Bianca told me that my hair growin wild son ! We need to go get that cut , I said I know mama.
"
317,"Straightened my hair and its already curling and I haven't even went outside yet.... #greaaat #sarcasm
"
318,"@Laxin_Italian r u aware ur little brother watches pll with ur sister..he was telling my sister all about it
"
319,"@Kiraking98 yaaaaaaaaaaay *Insert 'always look on the bright side of life' joke here* #sarcasm :P
"
320,"EVEN MORE BREAKING SHOCKING NEWS: Chelsea and Barcelona have agreed on a ¬£4m fee for Lionel Messi! More to follow! #Sarcasm #ITKAgent""
"
321,"@DesireeShultz exactly! 15 acting like she is...man she's got a lot ahead of her in life! Hah! #sarcasm
"
322,"@iTeeRoy ayeeeeeeee jamming to @Power99Philly leggoooo
"
323,"Super excited to run 17 miles at practice today.... #sarcasm
"
324,"@EdRunNFootDoc thanks for downloading it!
"
325,"I love that Joey Barton quote ‚ÄúFor some reason the Manager dislikes me‚Äù. Unbelievable. How can anyone dislike Joey Barton?? #SARCASM
"
326,"Exactly, but some middle class want it raised apparently. #sarcasm RT @TheRealRoseanne: Romney is lying now-Obama CUT middle class taxes.
"
327,"Man was my last night in olds a fucking blast #sarcasm
"
328,"I don't think I'll be able to make it through a whole day tomorrow at school without breaking down. So that's cool. #sarcasm
"
329,"Just another left-wing conspiracy by our America-hating President to make sure EVERYONE can vote. http://t.co/8kLa2sId #VOTE #SARCASM
"
330,"Please keep rubbing it in. I love it. #sarcasm
"
331,"British people are amazing and very entertaining x). Hopefully visiting with my sister soon xx
"
332,"Well that's great. Five hours of sleep? #sarcasm
"
333,"Post all your inside jokes over facebook, I really want to hear about them :) #sarcasm
"
334,"@egino ‚Äú@TimeOutLondon: The mice at Farringdon station are hungry. Hungry for blood: http://t.co/hT7l8kO6 via @ronniejoice‚Äù
"
335,"Guess I was right, falcao is comin #lfc #sarcasm
"
336,"I think I have food poisoning. Joy. #sarcasm
"
337,"stfu , no it don't ! ‚Äú@genesisfalconn: we ALL know! ‚Äú@Trez_DaMan: @OMG_TaylorGangg we all know who heart ur clos to lol jkjk‚Äù‚Äù
"
338,"Know what's great? Waking up at 4am for no reason #sarcasm
"
339,"I always know its gonna be a good day when I wake up late and literally have 10 minutes to get ready #sarcasm
"
340,"Eager to slim down? http://t.co/uvE9GdV3 works perfect for just that
"
341,"One more day to the new gNote.  Interesting to note all the media hype on Toronto blogs for this event.  #notaniphone  #sarcasm #elitist
"
342,"Best part of Test Track 2.0 the pre show &amp; post show.  Wow sounds awesome! #sarcasm
"
343,"@Marcello_N u heard he going to THFC?
"
344,"I just love my job! #sarcasm #countingtheminutesuntilIgettoleave
"
345,"I've completed Ready for the Journey collection!
"
346,"I'm glad everyone in my house is in such a great mood.. #sarcasm #annoyedtweet
"
347,"It's our godforsaken right to be loved, loved, loved, loved
"
348,"Happy birthday dad. Glad your around to celebrate it. #48yearsyoung
"
349,"This is what I get for taking Ap world... üòîüëç #homework
"
350,"oh, you wanted me to lie.
"
351,"I think we don't have school tomorrow.... #sarcasm
"
352,"After 45 minutes of deliberation it has been decided: Idaho is the worst state. @iamhammertime
"
353,"I hate it when I don't forward a chain mail and I die the next day. #sarcasm
"
354,"stfu.. let me die in peace.. #spoilers #ofwhat
"
355,"Oh no, it's okay. I would love to just sit around waiting in financial aid all day because its not like I have anything else to do #sarcasm
"
356,"So I've got new neighbours. Loud ones, it seems.
"
357,"#GOP2012 love the debt clock at GOP trouble is they dont break out what portions was bush and what is obama
"
358,"I was still the first one to tell Bryson happy birthday on his actually birthday .. (:
"
359,"#BeliebersHateDirectioners Really?people are taking this to far, getting really childish! I'm sure your ""idols"" will love you now #sarcasm
"
360,"‚ÄúWell, that‚Äôs no fun. I‚Äôll get some crayons and make my own dollars.‚Äù
"
361,"Didn't even sleep on a pillow, this is gonna be fun for me with all this damn pain #sarcasm
"
362,"@VEVO Now we have songs speeding up at random?   Good job. #sarcasm #vevochipmunks #fail
"
363,"Too bad I cant go to lifetime. Thankkkyou hurting toe, I dont feel fat at all #psych #sarcasm
"
364,"Ron Paul gave the #GOP the cold shoulder?? You don't say.... I'm shocked. #Sarcasm
"
365,"Are we still on for marbs or ibiza or something in 2014?! &lt;3... ‚Äî Of course we are baby! &lt;3 http://t.co/ysVr9qTP
"
366,"This man named both of his children Ashley...... wtf is wrong with him
"
367,"@Bradley_Simmo I wish I was more like her... #sarcasm #jeremykyle
"
368,"#nowplaying The Unforgettable Fire - U2 &lt;33 I love Radio Veronica :-) #memories
"
369,"Have to get blood work done this morning #yay #bestwaytostarttheday #sarcasm
"
370,"I went for a run yesterday and today my whole body is killing me. How rewarding exercise is #sarcasm
"
371,"What is this? Bash Jeremy Bevans at work day? Yeah? Oh okay! #holycrap must be awesome to be the guy everyone hates! #yeahright #sarcasm
"
372,"‚Äú@SkySportsNews:  Aston Villa have signed striker Jordan Bowery from Chesterfield #skydeadlineday‚Äù biggest deal of the summer #sarcasm
"
373,"""@TIME: NYU has installed a shining solution to its library's troubling suicide problem | http://t.co/6HxtFu4o (via @TIMENewsFeed)"" @rtsway
"
374,"O.o he might be hurt -_-
"
375,"Very happy to start my last year of college :) #sarcasm
"
376,"@RealJohanaPerez lmfao yes I love him I make signs for him all the time lol
"
377,"Yea bitch I'm official tell the ref blow da whistle
"
378,"Gotta love getting up early on your two days off and doing harder work then normal without bieng paid #unreal #thebest #sarcasm
"
379,"I would lose my wallet. Gosh I love being driven to school by my mother. #sarcasm
"
380,"@carysjordan lmaooo proper #bassface üòÇüòÇüòÇ
"
381,"So i have no idea what i did with my pay stub which means i either lost it or tossed it in the garbage. Time to watch my bank account -_-
"
382,"Yes annoying hotel guests, please take your pet elephant for a walk outside the room at 4am, when normal people are trying to sleep #sarcasm
"
383,"FINALLY! #sarcasm ‚Äú@KimKardashian: I took those long nails off. They were just press on for my shoot. OMG I can text &amp; tweet again.#freedom‚Äù
"
384,"930 on my birthday waiting for a met to go to theory test #TheJoys #Sarcasm
"
385,"One day u will realize,there's no other person will love you like i do...!
"
386,"What do gay people eat? Food. #sarcasm
"
387,"Suns out and I'm working üëé‚òÄ #yay #sarcasm
"
388,"@ShannonLeto @JaredLeto @tomofromearth  love you headbanging mofo's!!!
"
389,"@cassie_maccc that's fantastic! #sarcasm #fucklife
"
390,"Yes. Yes I love when people don't talk to me. And then they don't tell me why they haven't been talking. #sarcasm #exactlywhyamiyourfriend?
"
391,"Men are fickle. God bless them. #sarcasm
"
392,"""@1DIsAHotMess: @Amanda_Paull follow back? :)"" as long as you don't unfollow me!!
"
393,"@Finklestine23 thanks for spelling my twitter name correctly. #sarcasm
"
394,"It's great when the one thing you don't want to think about, is the only thing you can think about. #sarcasm
"
395,"Going to show @blakehorler and @CarlosDiGiorgi a thing or 2 about golf tonight #PGA #sarcasm #threeputt
"
396,"gonna buy some Nike Air Max's to follow all the hipters #Sarcasm
"
397,"At the doctor...can't wait to turn my head and cough! #sarcasm #violated #itsjustcoldinhereiswear
"
398,"going to lincolnshire... might see my beloved father #sarcasm #hesacunt
"
399,"Raven, Hill and Stone back in for Rovers qualifying final clash with Albury. Full teams on our website now. http://t.co/QFo7qyLe
"
400,"Wtf my sister used all the makeup remover cloths and she doesn't even use makeup.
"
401,"@egerv24 You guys must be the reason construction gets done soooo fast ! #sarcasm #lazy
"
402,"From Google &gt;&gt;&gt; Making it easier to cast your ballot http://t.co/C8esSUFZ
"
403,"I'm still standing yesterday today and forever. That's why we praise Him. #sundaylineupmakessense
"
404,"So glad I'm retaking physics. It's even more fun the second time around! Asian Accents are so easy to understand! #sarcasm
"
405,"Working on my day off! I love my job! #Sarcasm
"
406,"The headline he didn't see coming http://t.co/2wC6syjA via @storify #go2newsdu #unemployed #doledaytuesday
"
407,"@kandy_kane22 @tmnt4lyf yes they were. fake kandiss danced all night and fake christian called me his twin.
"
408,"Went to the beach today! The water was SO warm! #englishsummer #sarcasm #imstubborn.
"
409,"@brandonwilson77 well shit what do you expect?!?! (; 
"
410,"Looking forward to a football filled timeline today girls #sarcasm #doigiveashit
"
411,"""did you just shower?! 0.o"" ""no, I just took a shit -____-"" LMAO üòÇ #sarcasm
"
412,"@rachelpopky pppshttt.... nahhüòèüòä #sarcasm #obsessed is and understatement
"
413,"Who's excited to go to band practice tonight?!? I know I am!!! #sarcasm
"
414,"David whens your next fight please reply !
"
415,"@DJBentley Soon there won't be any of that breed left, as good as they are in traditional roles. Every year you have to do and know more.
"
416,"I'd like to give a shout out to all the people who text me for a minute then stop responding. You make dreams a reality #sarcasm #whybother
"
417,"This tweet is for you mom, please stalk me some more #sarcasm
"
418,"Absolutely love seeing those tweets when I wake up. #sarcasm
"
419,"So excited for my family hike at 9 freaking o'clock in the morning! üèÉ I love not sleeping in on my day off.  #sarcasm
"
420,"#FF  @Beirutiyat because I laughed my ass off reading those ""7zezir"" ^^ #Lebanon #Sarcasm
"
421,"Watching Beyond Scared Straight lol funny ass hell
"
422,"@Caz_Davis thank god for that, I was going to mention your personal hygiene but I'll leave in now.
"
423,"To be :-)  getting up early to make breakfast
"
424,"What a HUUUUUGGEE punt! Oh man, that was amazing!.... #Sarcasm
"
425,"@KrayKrayPratt-your asking me a question about science when I may get merrked?!. :D yes
"
426,"@Hazard3600 you liar l0l ... what kind of family are you
"
427,"Nothing like the smell of browning ground beef at 645 in the morning. #sarcasm #multitasking
"
428,"I don't have any room for negativity in my life. All that negative energy takes up space that I could be using for good stuff!
"
429,"can't wait to make this 10 min walk to class to sit and listen to my bob barker lookin ass Prof talk for an hour fifteen. #sarcasm
"
430,"Can't wait to get up in four hours #sarcasm
"
431,"You Never Know Homie, About These Hoes Homie, You Need To Pump Your Breaks And Drive Slow Homie.
"
432,"@MontgomeSierra what do you want?:)
"
433,"It bothers me that 'Beliebers' are saying NOW ONLY they heard JB's coming to SA?..Did u NOT see his tweet 2MONTHS AGO? #RealFans? #Sarcasm
"
434,"Getting hit up with that ntb. &gt;&gt;&gt; #Sarcasm
"
435,"@xalinefigg me to
"
436,"This weather is out of control #sarcasm hopefully good ol Judy decides to cancel classes tomorrow too #serious
"
437,"[gourmet] THE TIMES OF MY LIFE: Stephen Longstreet‚Äôs piece on his last (sad) summer living in Europe as an artis... http://t.co/zQFg4jTK
"
438,"My wife making my cake :)
"
439,"@MGMHDUK @MKseibati @LOCOFilmFest Love my new MGM lion!! My night was already made wen I opend my bag &amp; discovered him! http://t.co/Z7MpiGgq
"
440,"Time to get ready, yay! #Sarcasm #TiredAf'
"
441,"I'm glad it's 6 AM and I'm just going to bed. Thank you freshmen. #sarcasm #EMT
"
442,"@springah That link you posted http://t.co/xe4ILbQm The youtube vids - Melb hipsters are lame. The Sydney vid even got the accent right!
"
443,"K can't believe I'm taking the bus the first day of school
"
444,"Jus foolin tho 2 chainz
"
445,"@StevePlumpton that's great news. Hope all keeps going well for you.
"
446,"This is a test... I will pass it
"
447,"imagineertobe: This might be my favorite backstage photo!
"
448,"@BillBaar  Poll could have been  by Senator Dillard. His supporters seem to have the most conflict with the Herald poll results yesterday.
"
449,"30k dead, maybe they're targeting civilians #sarcasm @hrw: 10 bakery attacks in #Aleppo are not (cont) http://t.co/H5GdgMy8
"
450,"@Just_kickinit way to have my back doo doo!!!! (:
"
451,"@Kirse10 on the phone ""it can work, just look, Lamar and Chloe Kardashian have been together for 3 years now""
"
452,"Welp... I'm guessing the person that invented those mini car vacuums was a parent. I can almost guarantee it. http://t.co/KokwYEFJ
"
453,"Being covered in hives is so fun. #sarcasm
"
454,"@TNAGutCheck sign up #KrisLewie. With such technical skill and imposing physique as his, he is money to b made! #TnaGutcheck #Sarcasm
"
455,"I BEG TO DIFFER- Pakistan did it! ""ABVP men assault 98 migrant workers in Karnataka, drag them out of train"" | http://t.co/RBn2PA8Y #sarcasm
"
456,"Unexpected romantic conflict might surface today and have impa... More for Sagittarius http://t.co/Vwz7TnJP
"
457,"@wwin_ is it wrong?
"
458,"@TyHairston10 he was doggin Obama too
"
459,"Dang, I also just remembered, I have bills to pay
"
460,"Greeted by perma-tanned, pink blackberry waving chavy female at bus stop, so gracious to share your banging tunes with us. #sarcasm
"
461,"Abt to blow another blunt
"
462,"Such a nice day out, let's go swimming! #sarcasm
"
463,"@doncandon was invited once to speak to students that were doing my degree. Didn't check my emails in time but they had FREE PIZZA &amp; BEER :(
"
464,"Id give my right arm to be in the Paralympics
"
465,"@whitneyward37 I wanna work at it! Ill do it for.free:) #hookmeup
"
466,"@dunlop27 I just love TSwift so much!! #sarcasm #bleedingears #lookslikearat
"
467,"Some love stories aren't epic novels,some are short stories. But that doesn't make them any less filled with love #sexandthecity
"
468,"Oh NO I have to go!! Try to trend #tellusaustin !!! @AustinMahone now you have to wait until I get back because you waited to long!
"
469,"So glad i'm losing sleep over someone I barely know... #waytogocait  #sarcasm
"
470,"@NaomiCerise joking.. Marois is dumb, didnt get the #sarcasm?
"
471,"@_kernowfornia_ I'm so glad I'm working tonight!! #sarcasm
"
472,"Gotta go charge my phone......
"
473,"@Love_SyMonaLisa We Would Have!!! me, you, dom, anddd what was the name of the glee kid we were going to meet?!
"
474,"@HannaWiley I miss seeing your ""pissed off at the world face"" every morning while I eat breakfast
"
475,"My 5,391st tweet goes out to me having WAY too much time on my hands.
"
476,"Thanks to @AbbieKWalsh for providing greenbelt essentials. #gin #wellies #sarcasm
"
477,"@barnabychambers mr chambers I can't explain how honoured I am to have u following!! I've been away.. Soo haven't been around.. Wbu??
"
478,"Ready to get home to my baby.
"
479,"Greaaaaaat!!! Jus wat we need #sarcasm RT""@SAfmnews: The drought in the United States is likely to push food up prices in South Africa.""
"
480,"Back to sleeping in the lorry all week #LifeOfLuxury #Sarcasm
"
481,"@brookeville_15 where is she? Is she okay? #imissmaggie üê∂üíî
"
482,"No awkward social interactions to make new friends :P THANK DA  L A W D
"
483,"Don't miss these auction bargains going on right this minute- http://t.co/8GgTsgdh -&gt;RT &amp; Share!
"
484,"@brookaliciouss I know I will!!!!! #Sarcasm
"
485,"Temperature's back to normal. This is where the dizziness starts. Feels like I took drugs; my whole world is spinning in slow-mo.
"
486,"okay, I understand people wanting to evacuate for this little tropical storm, but all the gas stations in wiggins are out of unleaded gas.
"
487,"I love waking to everyone being rude to me. Today's gonna be fantastic #sarcasm
"
488,"Oh u can ride ur bike with no hands? Your so impressive #Sarcasm
"
489,"@EdsonBarbozaJR. Please please tell us your fighting before the year is over???
"
490,"Take me shoppin in France and he pay in advance
"
491,"@Second_2_None21 yes, I am. Time to finish what I started.... Btw, you have to meet my lady, she get funnier by the day.
"
492,"""@AlexFortyNine: Arsenal = Selling Club. We officially cant hide from that."" Rt the reason to remain positive. #sarcasm
"
493,"My fave place to eat in the world, right here in the little town of Starkville. ‚ù§
"
494,"@Outlaw_Country I take it that you're a pretty active twitterer there Mr. Perkins? #sarcasm
"
495,"@PocketSmith by far the best financial tool I have ever used.  Please please come out with an app that is more like your regular program
"
496,"Geech unlocked his and ain't know @DAPROBLEM6. Was going hack his twitter
"
497,"Wow its feels nice to be appreciated #sarcasm #suckyfriends
"
498,"Trying to find that one song to fall asleep to on pandora :)  time for bed have to wake up in a few hours for work. Then Toby Keith sunday!!
"
499,"It's crazy how few people use Facebook, people used to have hundreds say happy birthday to them now I usually just see 20 at the most..
"
500,"Yeah, I'm all about to marry someone serving life in prison. Makes perfect sense. #sarcasm
"
501,"@GinaBaldassarre Serious, sarcastic, or Bendtner-esque? Which is a combination of seriousness, feeling lucky, and sheer cockyness. #sarcasm
"
502,"I am fortunate to be able to speak the people's language. We help bring an understanding to things they already know.
"
503,"Was a Cinderella Story on tonight? Everyone seems to be distracted by a drought...? #sarcasm #ifyoucouldnttell
"
504,"Going to sleep... Byebye sweeties!!!! &lt;3
"
505,"I always have to contain my grin of absolute joy when my boss tells me I can finish now. Yes, yes I can ;)
"
506,"Man, the #SEC must be crazy deep if Vandy is playing South Carolina this close. #sarcasm #eyeroll
"
507,"this is going to be a fun semester... #sarcasm
"
508,"So excited to get up at 5 a.m. tomorrow!! #sarcasm ughh is it thursday yet????
"
509,"@SavRoell I am waiting for you....I want to do my home work #sarcasm
"
510,"@Daniel_Marnie pffft heskey and Carroll what a strike force! #sarcasm btw loved seeing you the other day on the P and R!
"
511,"Do you remember last September‚Äôs power outage in #SanDiego? Would you be ready for another? http://t.co/AuWo1cRe
"
512,"too many derps taken of me today. fk im beautiful #sarcasm.
"
513,"If I ever need a brain transplant I'd choose yours because I'd want a brain that had never been used #sarcasm http://t.co/Jw1hUMC5
"
514,"Off to soccer practice, could hell week be any more fun #sarcasm
"
515,"These holidays have got so much better since the start... #Sarcasm -_-
"
516,"Football and hockey are the only two things I'm looking forward to this school year üíôüíõ
"
517,"Take a long time to reply and I'll take TWICE as long :)
"
518,"2#gmpang kok dpt tribal pattern printed by outfit.bs padukan outfit tribal indonesiamu dgn fringed.the result is Etnik! http://t.co/MlA7WMig
"
519,"Ohhhh yeaaaahhh I feel sexy  #sarcasm http://t.co/dx6TAuim
"
520,"Powering through these physics questions... Getting them all wrong in the process :D. Yuss! #sarcasm
"
521,"Didnt see that coming #sarcasm RT @ChiTribHamilton: Allen Pinkett will not be part of #NotreDame radio broadcast this weekend.
"
522,"Awesome more rain. Today couldnt get any more great .-. #Sarcasm
"
523,"Well this has been interesting day so far and it's still the morning. Can't wait to see what more this day will bring. #sarcasm
"
524,"@KiersaSauder I know right? So very strange, but it made my day :D #easilyamused
"
525,"Good times with good friends @bradydlewis #sarcasm http://t.co/EyYzG49J
"
526,"i see sunderland are pushing for a high finish signing danny rose, quality signing! #sarcasm #dogshite
"
527,"I use #sarcasm to tell people the truth yet they never really know since I only speak sarcastically.
"
528,"I really don't think today could be any better... #not #sarcasm
"
529,"Rick Ross is coming to tomorrows pep really. #omg
"
530,"cleaning the car is sooo fun -.- #sarcasm
"
531,"That damn Holliday can only hit solo homers, not #clutch at all #sarcasm #BFIB
"
532,"I feel like I'm going to throw up.. Today is going to be grand. #Sarcasm üòí
"
533,"I really just love my class. You are all too smart. #sarcasm #UhItsHighSchool  http://t.co/nzdk1aT7
"
534,"That awkward moment when Taylor Swift does get back with her ex o.O
"
535,"BL: A Few Clouds and 76 F at Salt Lake City International, UT Winds are Southeast at 10.4 MPH (9 KT). The pressure is 1 http://t.co/9j1tc0WE
"
536,"What a great way to start off the day #sarcasm #pissedofftweet
"
537,"I got ya man @chidzzy
"
538,"http://t.co/UocdIMKf ""Bugger"" doesn't do it justice... First Fleetwood and now Marseille. Oh Joey! #sarcasm
"
539,"Yay andrew Corbin is in my English class #sarcasm
"
540,"Will have loads of fun taking the NCAE tmrw. üòä #sarcasm
"
541,"Doing laundry and homework but time for a cigarette break :)
"
542,"I'm really happy my kindle chose the day before I go on holiday to break #sarcasm #heartbroken waa
"
543,"Somebody needs to wake me up bc I'm pretty sure this is all a dream, it has to be... #notreal
"
544,"Thanks #Isaac for making our first pep rally and home football game get cancelled!! #sarcasm #JrBillies #cheer üí®üí¶‚òÅ‚òî
"
545,"Ahaha he's his cousin, AWKS. #skypejustgotreal
"
546,"@BenjaminEllin Bravo!! Was just thinking that you ought to be busier this autumn/winter! #sarcasm
"
547,"Oh christ are you going to ambers party ? ffs ‚Äî yeah why wouldn't I woo woo! http://t.co/LAtyzFRZ
"
548,"I wish they would get this Justin bieber SHIT off my TL
"
549,"Finally they decide to answer the phone, thank you LJMU :)))) #sarcasm
"
550,"never been so tired in all my life:( and the rain just got heavier as I left , great! #sarcasm
"
551,"LOOOOOOOL Just watched #CitizenKhan Yeah I'm late but stilllllll
"
552,"I, on the other hand, am wrapped up in my cardie, bare-faced &amp; hiding behind shades with medium size bag..#theyllneverspotme #maniacallaugh
"
553,"@a_culicerto its fine.... Ima be running my butt off tm at practice! And then coming home to my sister!!!!!! (:
"
554,"Everyone was making comments about how big my butt was. awwkkkk
"
555,"@allysoneb because Fox is well-balanced and objective? #sarcasm
"
556,"""@FoxSakes: Cheap prick lesson 1, bring chips to a party that nobody likes but you"" @kathkoughan keep this in mind.
"
557,"I'm so happy we have mature guys at this school #Sarcasm #ECUprobs
"
558,"@_DanEwing hope you enjoy it!
"
559,"Nothing pisses me off more then fake people. If you don't like someone, don't act like you do #AreYouSerious #LikeReally #Sarcasm
"
560,"@thedevilwolf Dude, where the hell have you been?  He mentions it, like, every time he...oh, wait, #sarcasm.  Never mind.
"
561,"Don't be so formal because I'm much older you think it's not nice to ask me help.. Pls do tell me so I won't be feeling much guilt.
"
562,"Tell it to my 9 bitch.
"
563,"@ImTheGoddGuy will do. We still have to go to pizza bogo
"
564,"Well that was brilliant #Sarcasm #letdown
"
565,"Looking forward to work tomorrow #sarcasm
"
566,"our itunes libraries have now become one file.  this is worthy of a gift registry.  #threechordsandthetruth #mp34ever #fb
"
567,"@Taylor_Malonee love you!üíôoh I'm sure I will #sarcasm
"
568,"I love how they're takin his side over mine tonight #sarcasm
"
569,"Abeg singing is nt meant for everybody aomepple shuld go n sit down
"
570,"Puppy forced into bin is rescued http://t.co/WNmWceWZ
"
571,"5 1/2 hours of sleep, sure I'm ready for a 6am practice #sarcasm #exhausted.
"
572,"Love when you don't have two minutes to send me a quick text... #sarcasm
"
573,"Choose a telephone answering package that is right for your business.  http://t.co/Rk6l8aC3
"
574,"Stay up til 2 to talk to you for 30 seconds how sweet of you! #Sarcasm #Asshole #Whatev
"
575,"Lol. some people are complete fucking assholes to other people thinking their being  funny. #gofuckyourself.
"
576,"Nahhh house music has to interrupt the schedule oii :D B)
"
577,"Shopping for my friends daughters bday and having wayy to much fun in the #Disney store!
"
578,"Lol just kidding. He's a Hamilton, very loyal &amp; he's very smart. I say bedtime &amp; he runs upstairs to bed.
"
579,"Playing Sims3. Its been too long.
"
580,"God have ways of showing us.. B rdy! #ThankYouJesus
"
581,"LOOKBOOK: @FUCT drop their fall 2012 lookbook, see here http://t.co/8V3q0rAo #WeAreCypher @ErikBrunetti
"
582,"If it's not one thing, it surely is another.. :(
"
583,"@fatcupid @chrishewitt bet it looked cool though!
"
584,"This is really bad. The problem is I don't know when I'll be called. My only choice is to wait until I'm called.
"
585,"Oh hey it's raining in Greenville. What a huge surprise!!! ‚òî #sarcasm
"
586,"#ThatAwesomeMoment when the guy cutting your hair with shavers says oh fuck #sarcasm
"
587,"#TeamRedBaron and @MLG have teamed up on something pretty cool and are giving away killer gamer gear. Check it out: http://t.co/vig0hqsz
"
588,"John King: Convention goal is changing voters' view of Romney: 
"
589,"@JodieBethxo Skirt is a bit long isn't it don't ya think lmao. #sarcasm #hottie :] x
"
590,"cailiin asked: i‚Äôve been following you for less than a day and you‚Äôre already second in my tumblr crushes at... http://t.co/7PlcrjqA
"
591,"Please, all of the nation come to edwards drugs today. I don't think we have filled quite enough prescriptions today. #sarcasm
"
592,"#27 Tap #photoadayaug love what them people call tap-tapssss hehehe [late post] http://t.co/yUdAUlGO
"
593,"I swear sleep is more of a necessity in college then food is. #RealTalk
"
594,"The grass is greener where you water it!
"
595,"I'm grounded for a whole school year!!!!! Yay me. #sarcasm
"
596,"@HURLEYX3R0 Damn. xD Do you get people telling you to stop making duck faces in photos often?
"
597,"You're right, you're always right. #sarcasm
"
598,"@keelyrafferty funny when Dermot says to you about 3 days into the course ""0h is your boyfriend a manager #sarcasm lol
"
599,"Believe both kids have roseola. Well Adyson definitely has it, but unsure of whether Caleb does. He acts like it. #gnabeafunweekend #sarcasm
"
600,"When I stop responding, it means you aren't worth anymore of my time. It doesn't mean you win.
"
601,"@HankMcWallace ov in nederland is overall om te huilen :s
"
602,"When hotsauce calls me pissed!
"
603,"It's extremely difficult to hold back the flow of feelings now... More for Pisces http://t.co/X620uEjg
"
604,"No really. I can sleep quite well while I'm upset. #sarcasm #gunnabealongnight
"
605,"Made it to my 8am! Professor didn't. #awesome #sarcasm
"
606,"Unexpected finding shows climate change complexities in soil http://t.co/Gco9cVof
"
607,"Could this mean the end of @thecooleyzone 's pottery barn?  Say it ain't so! #sarcasm
"
608,"Jake is pretty picky about his pears... but don't worry, there are a few left for you at Cottin's Hardware... http://t.co/RESgWDnA
"
609,"If I know more than you, then your in big trouble. #Painful #Sarcasm #FactsAboutMe
"
610,"#SpongebobEpisodeIllNeverForget when spongebob was a comedian &amp; kept talking about sandy lol
"
611,"ilet dhese hoes think what thy wonna
"
612,"it's been a great day today! #sarcasm
"
613,"@TommyCecil17  You never check your twitter that I made for you! #SadTweet
"
614,"S/O to @_originallytrue for the dm #sarcasm
"
615,"@ITGlife That's what most people do opening of college football. #sarcasm
"
616,"@espn_nfceast Dan, do you think Jason Tuck or that Paul Pierre kid make the Giants roster? #sarcasm
"
617,"@Jack_CallowayWR yes fuck this class were using our phones and doing crap
"
618,"This fall and winter half to balance out the girl, hockey and work #challengeaccepted
"
619,"@elmalquerido @iaaxpage @PamNotSpam your town you guys decide and I will be there.  What day did we decide?
"
620,"@AndrewStoeten so you're telling me he won't make his big league debut this year? #stroman #sarcasm
"
621,"double p.e now, loving life. #sarcasm
"
622,"Nothing like getting stuck babysitting! You get to watch the Disney channel all day! #sarcasm
"
623,"Here's Our Strictly Abdominal Bench. An innovation In Fitness Equipment! http://t.co/PqWNhh0R
"
624,"I think I drink too much last night because I did not feel like getting up for work!!!
"
625,"don't think this night could have gone any better #sarcasm
"
626,"My bed is love right now &gt;&gt;&gt;&gt; #exhausted
"
627,"@AmberLMatthews @aztcbeast14 @the_waterglass Since it's ""Pile On"" Brian Day""....it should have been ""you're"". 
"
628,"‚Äú@AineTW: @Martina_Manning oh piss of you piece is shit‚Äù &lt;she's lovely to me isn't she??? #SARCASM
"
629,"I would love to punch every person speaking at the #RNC in the face
"
630,"Yayy I have my English class from 9:00 to 12:30 today! This is going to be FUN! #sarcasm üòí
"
631,"please jump up and down more. it's soothing and makes it easier to sleep. #sarcasm #reallystopmoving by 11pm preferably.
"
632,"@ejgoodsell You are too funny sometimes. I just can't take it‚Ä¶.. #sarcasm
"
633,"I love plans that never happen. #Sarcasm. Need to find something to do!
"
634,"What!! Qua go head fam lol
"
635,"Love waking up to dig puke piles in the morning! #loveit #sarcasm
"
636,"love it when @I__Am_Ryan falls asleep on me. yeyeye that one, prick.
"
637,"@kylearnold91 you must be a redneck if your twitter profile pic is you with a cowboy hat on.. #sarcasm #fakes
"
638,"So I finish work and I'm wide awake... \o/ yayyy #Sarcasm
"
639,"No. Sitting in a full waiting room, wearing a three sizes too big hospital gown isn't the worst thing to happen to me today. #sarcasm
"
640,"By definition, grace cannot be earned, yet I constantly try to earn it like grace is mine to take and God still lovingly graces me.
"
641,"over 650 incoming international freshman to binghamton...... #cantwait #sarcasm
"
642,"Bday at school. Just what i was hoping for. #sarcasm
"
643,"@MathildeKatic *SPOILER* No she was naked when they kissed at the beginning, but wearing a shirt when they were talking....
"
644,"Who wants to come over?
"
645,"Expecting a call any minute now, telling me that QPR wants to sign me!! #sarcasm #QPhaha
"
646,"really looking forward to dressing up tonight
"
647,"@S300AMJ @moffo2804 @allen_9 #obsessed man ure dont need anyone anyway, especially not a ball winner #sarcasm #yecuntye
"
648,"@jacobnewblatt yuup... live is good :( jk #Sarcasm
"
649,"I'll just kill you with kindness ..
"
650,"ŸÖÿß ŸÖŸÜŸÉŸÖ ŸÖŸÜ ÿ£ÿ≠ÿØ ŸÖÿß ŸÖŸÜ ŸÜŸÅÿ≥ ŸÖŸÜŸÅŸàÿ≥ÿ© ÿ•ŸÑÿß ŸàŸÇÿØ ŸÉÿ™ÿ® ÿßŸÑŸÑŸá ŸÖŸÉÿßŸÜŸáÿß ŸÖŸÜ ÿßŸÑÿ¨ŸÜÿ© ŸàÿßŸÑŸÜÿßÿ± Ÿàÿ•ŸÑÿß ŸàŸÇÿØ ŸÉÿ™ÿ®ÿ™ ÿ¥ŸÇŸäÿ© ÿ£Ÿà ÿ≥ÿπŸäÿØÿ© -- ÿµÿ≠Ÿäÿ≠ ŸÖÿ≥ŸÑŸÖ #Hadith
"
651,"The amount of people that texted me today is unreal 
"
652,"Waiting at the shuttle stop to go work out and this lady blows a huge puff of smoke right in front of me #felt good #sarcasm
"
653,"@Daniel_Goodman1 u come back aggy weren't an insult, just must be frustrating that you never spend any money
"
654,"Just realized I can't go north to 83...Hooray for the Grand Prix #sarcasm
"
655,"hahaha. I've never been more amazed in my life.. @chandlerdabbs #sarcasm Óêï
"
656,"""the tv's are going to make us dumb"" ""too late"" üì∫üëç
"
657,"@wingoz yea it has nothing to do with the jaw dropping runs or the fact that at running back he was the Detroit Lions for a decade. #sarcasm
"
658,"It's so great that Steam Greenlight is happening, because as you know, Steam is totally the only way you can buy games!! #sarcasm
"
659,"LOL getting called uneducated by someone who can't spell 'sense' or 'sentence' #ohdear
"
660,"lmfaoooooooo bloke meeee from twitter really ??? lmfaooooo this is why i only like having 2 friend ... :D
"
661,"@OurWorldcomic they need funding for the fourth game, every penny counts XD
"
662,"@iamrashidajones Just collected my twin sisters' pension #fuckbitchesgetmoney
"
663,"In a shocking upset it rained today at grove city college #sarcasm
"
664,"I'll find a way to get to youu ' ‚ô°
"
665,"Thanks sir bob russel mp of colchester for my LATE birthday card :)
"
666,"are you calling me? are you trying to get through? are you reaching out for me? like i'm reaching out for you&lt;3.. #beautiful #eminem
"
667,"Hmm what to work on today... I HI or EE?? They both sound like oh so much fun! #Sarcasm
"
668,"I officially hate my life. And my schedule.
"
669,"yeah type the source on the picture because its easier then just put it in the source bar #sarcasm
"
670,"I'm so glad I set my alarm correctly, woke up on time, and didn't have to jump straight out of bed and run to class. 
"
671,"Saw one direction notebooks they were wide ruled i pouted and bout five star
"
672,"Time to go to my 9:45 physics lab! Woooo! #sarcasm
"
673,"Absolutely PERFECT time to have a fire alarm #sarcasm
"
674,"@Wabilicious24 right cuz i twitter stalked u and purposly  tweeted this cuz i wanna be just like you #sarcasm
"
675,"@srtimbsy i dont see how #sarcasm?
"
676,"A mini bottle of this in your purse does wonders on a day like today #FrizzyHair #MoroccanOil #RainRainGoAway http://t.co/4z7Xw2X9
"
677,"I love feeling like I'm being lied to. it's my faaaaaav! #sarcasm
"
678,"West Ham with Carlton Cole and Carroll up front. Going to be some free flowing football this season then #sarcasm
"
679,"""I'm sweating like a pedophile in a playground"" -new favorite phrase of Luis. You can't imagine how thrilled I am by this #sarcasm
"
680,"Texas road house. Where winners are born. #shitlukesays. #sarcasm
"
681,"your great @momabbeygal im so very happy you showed me 2 succeed on ur program i have made $3259 in 4 weeks @IM__NIA
"
682,"Ta-ta%3A How Ratan rebuilt the house that JRD left him%20http://www.firstpost.com/?p=437593
"
683,"@mimayibaybye shower me with your pretty charms
"
684,"I love men that apologize and don't know why they've upset you in the first place, makes me smile to know you listened and adjusted #sarcasm
"
685,"Thanks for telling us the class catalogue was finally up for DL four days before school starts. #ohwait #slc #sarcasm
"
686,"Got absolutely tons of work to do for sixth form today... Yay... #sarcasm
"
687,"Why did they have to put a yoyos on campus...üç¶üò≤
"
688,"@yazanjuveholic bu but but i thought bendtner was the only one striker available on the market, that's why marotta want to sign him #sarcasm
"
689,"@damianjkelly haha should have included a #sarcasm hashtag
"
690,"#10TurnOns Well....ya gotta turn on the lights,tv,stove,shower,microwave,sink,Ac,radio......and so on..... #sarcasm
"
691,"‚Äú@HuffingtonPost: How the drug war is bankrupting higher education #Shadow2012 http://t.co/uCvgnASp‚Äù thank you pot smokersüòí #sarcasm #stupid
"
692,"Lol my brother wanted to go outside my mama tol him to do his homwork and read the bible hahaha
"
693,"@wkassabgy   i told you it was the admin account!! #FAIL #sarcasm
"
694,"Don't pay attention to this tweet, I'm standing alone in public so I'm doing this to make it look like I'm texting.
"
695,"@USCbLaL11 Wouldn't you be afraid of getting a disease
"
696,"@Arencibians Only of you do it without your pants on ;)
"
697,"@chrisbrown im tryna ball witchu my dude
"
698,"I appreciate being woke up this morning lord. It's a blessing
"
699,"@30SECONDSTOMARS and the clip of this song is making me cry. just brilliant. #HAPPYBIRTHDAYABEAUTIFULLIE
"
700,"You MUST pick a side!! #sarcasm RT @mcuban I dont root for anyone. I root for the USA. I look at all the data and then I make a decision.
"
701,"Things seem to be getting better today, but the final outcome ... More for Virgo http://t.co/1E9JDWmg
"
702,"Only bustin your chops, I understand!
"
703,"@SamJones_33 cheers for uploading those pictures sammy boy! #Sarcasm
"
704,"Your wish is my command!
"
705,"@RVC6780 HAHAHA. that's greenup county for you! great comeback. #sarcasm
"
706,"Cancer is a disease that involves uncontrolled mitosis. Hopefully, researchers will eventually learn how to turn ... http://t.co/tLmfhFXS
"
707,"Can't wait to sit through 6 hours of lab tonight! üëç #sarcasm
"
708,"6 different outfits in one music video it can only be Taylor Swift!! love we are never ever getting back together
"
709,"What should I eat for dinner? I mean Newton has so many great choices #sarcasm
"
710,"On my way to Cali with my momma. She is playing 70s music. -_____-
"
711,"oh no jersey shore is over i can't contain my tears #sarcasm #thatshowwasawful
"
712,"@_Jencita_ when I tune in now I have no clue what's going on lol
"
713,"Poor @SarahPalinUSA - Fox News canceled all of her interviews yesterday and she's miffed! [total blank stare]. #sarcasm
"
714,"‚Äú@sarahmelyssssa: I'm so proud of our graduating class... #sarcasm‚Äù YES!!
"
715,"Love going to work and being sent home after two hours #sarcasm
"
716,"Tell me what you know about dreamin' dreamin'..
"
717,"Really looking forward to work later #sarcasm #mornings
"
718,"Of course our three day weekend would be full of rain
"
719,"I love seeing Pretty People‚ô•
"
720,"Walkin round dulenm mill and amusing myself highly by smacking my mums ass with a fly squatter hahahaha #sochildish
"
721,"If you spend time at the smithy, you'll eventually need a set of flat bar tongs. These look nice: http://t.co/smNWBvud #homemadetools
"
722,"Yes, cleaning up trash was exactly how I wanted to start my day #sarcasm
"
723,"Say thanks to the girl that fucked us up.
"
724,"I went to Build A Bear yesterday to build myself a teddy &amp; @mcmize12 wasn't there to help üòî
"
725,"@_SA aw snug and warm! I‚Äôm in bed now with hot water bottle and two purring cats! Sleep well! üòä
"
726,"Oh so that's how you brew beer, thanks Sapporo! #sarcasm #dumbcommercial
"
727,"#i10 shutdown est and west lanes due to a 18 wheeler turning ova and leakin diesel...dat driver must have been sleepy as fucc!
"
728,"You stole my happy, you made me cry, took the lonely and took me for a ride.
"
729,"@ me tho RT @Vandalyzm Man, remember when everyone was all ""Im doing Insanity"" and after about two weeks we aint heard shit back from them?
"
730,"My room is freeeeeeeeeeeeezing
"
731,"@Stooshe @waiste i want it!!! I need it!!! xxx
"
732,"I just ousted @angelinaeveline as the mayor of Mie Tarik Laiker on @foursquare! http://t.co/kyRFJot5
"
733,"@BehindTheSecret lol watching gay people is so inspiring!! #sarcasm again
"
734,"Can't think of a better way to start off my day than with a 8am microbiology class #sarcasm
"
735,"#septemberwish @Louis_Tomlinson can follows me :) xx
"
736,"Wow...I can see you're really convicted. #sarcasm #notimpressed
"
737,"13 users followed me and 5 users unfollowed me today (checked by http://t.co/MNunG7sw) [autotweet]
"
738,"So happy to just find out uoit decided to reschedule all my lectures and tutorials for me to night classes at the exact same times! #sarcasm
"
739,"@_PrettyPinkPolo hey missy funny finding you here ^_^ hope all is well
"
740,"Oh yeah moody isn't packed at all, keep letting kids in please. #sarcasm
"
741,"My husband has two days off from work... We're spending it in the the hospital #yippee #sarcasm
"
742,"Thank you for the input, I'll take it to heart ! üòÑ #Sarcasm
"
743,"@BeagleJeremy @lilacbeagle he he he! This is gonna be fun! My dads slippers it is!
"
744,"Don't expect to stay with your group, it won't happen
"
745,"Just say YOLO and hope for the best
"
746,"@theSociableOne @sayysuttin
"
747,"@MyNerdBlog It'll be a great, modern console with awesome AAA titles. Families will flock to replace their completely useful Wii #sarcasm
"
748,"We live in a world where losing your phone is more dramatic than losing your virginity. #sarcasm
"
749,"@NikkiMerriII Lmfao I don't even know how to use it.. #retard
"
750,"@moebradley naa never they come out here. &amp; lmaooo yupp! Bt i heard its humid as fck out there tho üòì
"
751,"That senior assembly really made my day. #sofun #sarcasm
"
752,"Being forced to room with mother Teresa!!! Yeayy!!!!!! #sarcasm. #dontlikeyou
"
753,"Windows Live Movie Maker takes sooo long to upload and save a video #worththewait #ithink
"
754,"I think it's soo cute when girls act dumb on purpose #sarcasm
"
755,"@KrewellaJahan wouldn't expect anything less from ya's, amped to hear the new banger soon!
"
756,"Time to buy books, yayyyy. #sarcasm
"
757,"I #votebieber for the 2012 MTV #VMA #bing Most Share-Worthy Video! See who's in the lead and tweet your vote: http://t.co/HpMFczuW fjdh
"
758,"I need to find something to do with this 4 hour gap between classes. Rec center, maybe?
"
759,"Dressing up as a tree and standing in the forest and scaring joggers that run by...#YOLO
"
760,"I think @oviosu needs to read this New York Times Editorial =&gt; Mr. Romney Reinvents History http://t.co/nmZadFvK
"
761,"How to plan a successful sales conference or meeting: http://t.co/VtYAmaSs
"
762,"I hav the wonderful pleasure of going to money joes today. Yay me!
"
763,"side note: i look fresh to deathh with my new dress and purse #LSP
"
764,"""@KaiRichest: I think this girl is mad and was subtweetig me yesterday lol"" don't you just love it when that happens lol #sarcasm
"
765,"So today I'm sporting the 'dragged through a hedge backwards' look - I think I pull it of #sarcasm
"
766,"I just love freaking being ignored and not texted back. 3 people ignored me today 3! I love it it always makes my day. #sarcasm
"
767,"Tonight, after they played their new single, Dave had them play ""How You Like Me Now?"" again. Cool. @theheavy @Late_Show
"
768,"@GeorgeSesay I miss you even more, if you're free tomorrow night , get your arse to woking. #keepcalmandskankout
"
769,"@_SlickThick after last night I feel much closer to you bc I talked to you like I talk to own Ships
"
770,"Fina hit his ppl up gotta make sure shit str8 bbl
"
771,"@NtombsDee so I guess u Xhosas have so much love 4 each other! Good 4 u....! #sarcasm
"
772,"@NiallOfficial your so bad for saying hell, it doesn't make you look likea fag either #sarcasm
"
773,"Almost want to finish my homework~
"
774,"@FwacieSays :-( well take it easy
"
775,"Im glad I pay a shit ton of money to come to this school and do absolutely nothing all day. #sarcasm #broke
"
776,"Ahh it makes me feel really special and loved when you don't text me back! &gt;.&lt; #sarcasm
"
777,"Um trynna go c dat new movie possession today... Dat lil white bitch look crazy as hell
"
778,"@IklanBpn gol drh sy A, prnh donor, hub aja klo msh bth mumpung lg off
"
779,"@willireland90 @ufc @ufc_uk told ya, really think that he will get a cheeky win, something ridiculous like 2nd rd tko ! Gonna be fireworks !
"
780,"Those rocks really intimidated usüò± #sarcasm
"
781,"Something big is gonna happen today and my horoscope just told me to go through with it. #uhoh
"
782,"I love it when you put your hand in my face while you sleep :) #sarcasm
"
783,"Yeah of course play some bass guitar when I'm lying in bed with a head ache. Thanks :) #sarcasm
"
784,"@danniholmes_x she isnt fat guys #sarcasm
"
785,"‚Äú@sophschimjawicz: Thank you @joegalloro! We're going to miss you!! @lexwhyte  http://t.co/wReaEI4k‚Äù cute last day moments :)
"
786,"Gotta hand it to Apple, the kernel panic screen looks AMAZING on Retina #sarcasm #actuallyquitepissedoff #itkeepshappening
"
787,"A Dramatic Resuscitation: A 1907 Hospital Turned Home ‚Äî Home &amp; Delicious: 
"
788,"Is everyone as excited about the #GOP and #Democrat conventions as I am?!? #sarcasm #serioussarcasm #deepyawningmawofsarcaam
"
789,"I love when my A/C decides to start making high pitch screeching noises in the middle of the night. Didn't scare me at all #sarcasm #wth
"
790,"Everytime I  see a ups truck I think he got da birdz n da bak!!
"
791,"@x_vins awooo I'm shitting it. Reply to my whatsapp babe #rejected
"
792,"@Sarah_Biggers22 I will punch you in the face if they do!  üò°üëäüí¢
"
793,"When I come in at 5am I don't expect to me doing my duties on top of closing shifts duties.... #thanksforthehelp #sarcasm
"
794,"So glad my first time ever going to the beach will be when I go to boot camp.#sarcasm
"
795,"Not enjoying being single as much now tbh
"
796,"@_theillestt Aweeee I miss you too!! c:
"
797,"I'm tryna see the other side that she hides with her eyes.. #MovingCool.X.Ess
"
798,"Some ppl u know for a very short period and just #Click with them, others u know for  lifetime and never get along with #sarcasm #life
"
799,"@BrandonTaughtMe oh yea cuz last time we had this weather there was an earthquake -_- #sarcasm
"
800,"Which sucked b/c I do cc and it's like 100 degrees out &amp; a bunch of other crap 
"
801,"No Mom. I don't want to do your errands -_-
"
